{
    "epoch": 10.0,
    "eval_accuracy": 0.9706717748860558,
    "eval_f1": 0.9216389885671368,
    "eval_loss": 0.20167526602745056,
    "eval_precision": 0.9149200563333609,
    "eval_recall": 0.9284573350147121,
    "eval_runtime": 63.3409,
    "eval_samples": 8759,
    "eval_samples_per_second": 138.283,
    "eval_steps_per_second": 8.652
}